/*
Navicat MySQL Data Transfer

Source Server         : con1
Source Server Version : 50013
Source Host           : localhost:3306
Source Database       : synergy_bank_db

Target Server Type    : MYSQL
Target Server Version : 50013
File Encoding         : 65001

Date: 2015-02-16 09:41:13
*/

SET FOREIGN_KEY_CHECKS=0;
-- ----------------------------
-- Table structure for `customer_account_info_tbl`
-- ----------------------------
DROP TABLE IF EXISTS `customer_account_info_tbl`;
CREATE TABLE `customer_account_info_tbl` (
  `id` int(11) NOT NULL auto_increment,
  `userid` varchar(20) NOT NULL,
  `customerAccountNo` varchar(30) NOT NULL,
  `accountType` varchar(30) default NULL,
  `availBalance` double default NULL,
  `totalAvailBalance` double default NULL,
  `currency` varchar(20) default NULL,
  `customerName` varchar(120) default NULL,
  `doe` datetime default NULL,
  `dom` datetime default NULL,
  `customerEmail` varchar(50) default NULL,
  PRIMARY KEY  (`id`)
) ENGINE=InnoDB DEFAULT CHARSET=latin1;

-- ----------------------------
-- Records of customer_account_info_tbl
-- ----------------------------
INSERT INTO `customer_account_info_tbl` VALUES ('25', '51234597', '1000000002', 'Savings', '965', '965', 'USD', 'Amogh  PRADHAN', '2014-10-29 11:19:13', '2014-10-29 11:19:13', 'amopradhan@gmail.com');
INSERT INTO `customer_account_info_tbl` VALUES ('26', '51234598', '1000000003', 'Savings', '1000', '1000', 'USD', 'Deepika  PRADHAN', '2014-10-29 11:19:13', '2014-10-29 11:19:13', 'srinath.deepika@gmail.com');

-- ----------------------------
-- Table structure for `customer_and_registration_questions_tbl`
-- ----------------------------
DROP TABLE IF EXISTS `customer_and_registration_questions_tbl`;
CREATE TABLE `customer_and_registration_questions_tbl` (
  `customerId` varchar(255) NOT NULL,
  `serialNumber` int(11) NOT NULL,
  `questionId` int(11) NOT NULL,
  KEY `FK_ekvww93yxqoue43rmmnek75e8` (`serialNumber`),
  KEY `FK_9ilnk9l6av28s5c3w74py7ljn` (`customerId`),
  CONSTRAINT `FK_9ilnk9l6av28s5c3w74py7ljn` FOREIGN KEY (`customerId`) REFERENCES `customer_details_tbl` (`userId`),
  CONSTRAINT `FK_ekvww93yxqoue43rmmnek75e8` FOREIGN KEY (`serialNumber`) REFERENCES `customer_registration_questions_tbl` (`serialNumber`)
) ENGINE=InnoDB DEFAULT CHARSET=utf8;

-- ----------------------------
-- Records of customer_and_registration_questions_tbl
-- ----------------------------
INSERT INTO `customer_and_registration_questions_tbl` VALUES ('51234597', '13', '0');
INSERT INTO `customer_and_registration_questions_tbl` VALUES ('51234597', '14', '0');
INSERT INTO `customer_and_registration_questions_tbl` VALUES ('51234597', '15', '0');
INSERT INTO `customer_and_registration_questions_tbl` VALUES ('51234598', '16', '0');
INSERT INTO `customer_and_registration_questions_tbl` VALUES ('51234598', '17', '0');
INSERT INTO `customer_and_registration_questions_tbl` VALUES ('51234598', '18', '0');
INSERT INTO `customer_and_registration_questions_tbl` VALUES ('51234599', '19', '0');
INSERT INTO `customer_and_registration_questions_tbl` VALUES ('51234599', '20', '0');
INSERT INTO `customer_and_registration_questions_tbl` VALUES ('51234599', '21', '0');
INSERT INTO `customer_and_registration_questions_tbl` VALUES ('51234600', '22', '0');
INSERT INTO `customer_and_registration_questions_tbl` VALUES ('51234600', '23', '0');
INSERT INTO `customer_and_registration_questions_tbl` VALUES ('51234600', '24', '0');
INSERT INTO `customer_and_registration_questions_tbl` VALUES ('51234601', '25', '0');
INSERT INTO `customer_and_registration_questions_tbl` VALUES ('51234601', '26', '0');
INSERT INTO `customer_and_registration_questions_tbl` VALUES ('51234601', '27', '0');
INSERT INTO `customer_and_registration_questions_tbl` VALUES ('51234602', '28', '0');
INSERT INTO `customer_and_registration_questions_tbl` VALUES ('51234602', '29', '0');
INSERT INTO `customer_and_registration_questions_tbl` VALUES ('51234602', '30', '0');

-- ----------------------------
-- Table structure for `customer_details_tbl`
-- ----------------------------
DROP TABLE IF EXISTS `customer_details_tbl`;
CREATE TABLE `customer_details_tbl` (
  `userId` varchar(255) NOT NULL,
  `category` varchar(255) default NULL,
  `description` varchar(255) default NULL,
  `dob` datetime default NULL,
  `doe` datetime default NULL,
  `dom` datetime default NULL,
  `education` varchar(255) default NULL,
  `email` varchar(255) default NULL,
  `fatherName` varchar(255) default NULL,
  `firstName` varchar(255) default NULL,
  `gender` varchar(255) default NULL,
  `grossAnualIncome` varchar(255) default NULL,
  `lastName` varchar(255) default NULL,
  `maritalStatus` varchar(255) default NULL,
  `middleName` varchar(255) default NULL,
  `mobile` varchar(255) default NULL,
  `motherMaidenName` varchar(255) default NULL,
  `occupation` varchar(255) default NULL,
  `occupationType` varchar(255) default NULL,
  `password` varchar(255) default NULL,
  `photo` longblob,
  `role` varchar(255) default NULL,
  `salutation` varchar(255) default NULL,
  `sourceOfFunds` varchar(255) default NULL,
  `ssn` varchar(255) default NULL,
  `approve` varchar(255) default NULL,
  PRIMARY KEY  (`userId`)
) ENGINE=InnoDB DEFAULT CHARSET=utf8;

-- ----------------------------
-- Records of customer_details_tbl
-- ----------------------------
INSERT INTO `customer_details_tbl` VALUES ('51234594', 'GEN', 'new', '2014-10-29 11:04:08', '2014-10-29 11:04:10', '2014-10-29 11:04:13', 'BTECH', 'nagendra.yadav.niit@gmail.com', 'A', 'NAGENDRA', 'MALE', '123', 'YADAV', 'MARRIED', 'KUMAR', '9383838', 'MAM', 'KSK', 'YYY', 'admin', null, 'admin', 'MR', 'dhdh', '1223333', 'yes');
INSERT INTO `customer_details_tbl` VALUES ('51234597', 'GEN', 'sss', null, null, null, 'LL', 'amopradhan@gmail.com', 'amopradhan@gmail.com', 'Amogh', 'Male', '122', 'PRADHAN', 'Single', '', '2222', 'll', 'JOB', 'KDK', 'root@123', 0x696D61676573322E6A7067, null, 'Mr', 'ddd', '3333', 'yes');
INSERT INTO `customer_details_tbl` VALUES ('51234598', 'GEN', 'sss', null, null, null, 'LL', 'srinath.deepika@gmail.com', 'srinath.deepika@gmail.com', 'Deepika', 'Female', '122', 'PRADHAN', 'Married', '', '2222', 'll', 'JOB', 'KDK', 'root@123', 0x696D61676573352E6A7067, null, 'Miss', 'ddd', '3333', 'yes');
INSERT INTO `customer_details_tbl` VALUES ('51234599', 'GEN', 'I am new to this bank.', null, null, null, 'Education', 'nagendra.yadav.niit@gmail.com', 'ekek', 'Amit', 'Male', '2334', 'Singh', 'Single', 'Kumar', '9349494494', 'DEVI', 'Business', 'Self', 'lxIvdG', 0x646F776E6C6F61642E6A7067, null, 'Mr', 'Business', '12333', 'no');
INSERT INTO `customer_details_tbl` VALUES ('51234600', 'GEN', 'qe', null, null, null, 'Education', 'nagendra.yadav.niit@gmail.com', 'ww', 'Ashish', 'Male', '122', 'Singh', 'Single', 'Kumar', '20202020', 'sdf', 'Student', 'ddd', 'LV6MDR', 0x636F6D70616E792E6A7067, null, 'Mr', 'ddd', '3333', 'no');
INSERT INTO `customer_details_tbl` VALUES ('51234601', 'GEN', '432', null, null, null, 'Education', 'nagendra.yadav.niit@gmail.com', 'wer', 'Santosh', 'Male', '345', 'Singh', 'Single', '', '93939', 'wwe', 'JOB', 'ddd', 'l6krJQ', 0x75736572312E6A7067, null, 'Mr', '33', '45', 'no');
INSERT INTO `customer_details_tbl` VALUES ('51234602', 'GEN', '432', null, null, null, 'Education', 'nagendra.yadav.niit@gmail.com', 'wer', 'Astha', 'Female', '345', 'Singh', 'Single', '', '93939', 'wwe', 'JOB', 'ddd', '1nQLqE', 0xFFD8FFE000104A46494600010100000100010000FFDB0084000906071413121514131416141516181D181718181718201717181E16211C1C1A1F1A1D1F2820181A251F171C21312125292C2E2E2E1C1F3338332C37282D302B010A0A0A0E0D0E1B10101B372420242F34343034322C2F342F2C2F2C2F2C2C2C342C2C2C34342C2C2C2D2C2C2C2C2C2C2C342C2C2C2C2C2C2C2C2C2C2C2C2C2C2CFFC000110800E100E103012200021101031101FFC4001C0001000202030100000000000000000000000607040502030801FFC400471000020103010505050506030702070000010203000411210506123141071351617114223281914252A1B1F023336282C1D11572B224435392A2E1F125350834547393B3E2FFC4001B01010002030101000000000000000000000004050102030607FFC4003311000202010302030604060300000000000001020311041221053113415122617181B1D13291A1F006142342C1E1153343FFDA000C03010002110311003F00BBE94A50C8A52940294A500AC1DA5B66DEDFF7F3C517F9DD57F335A0DEEDE591254B2B201EF2519C904C76F1F5964C7A6003CCE3D0C6B6FEC0B2D9F6E66BA8FF00C4AF262114CE389E799B40AAA72235CF20390D32680B2ECAF639543C4EB229E4C8C08FA8AEFAA9F60F659345133ADFCF673CA78CC76C4ADBC6C792942732639731523ECC36F5C5C477105D90D71693185DC69DE0E8D81D743F850135A52A31BF5BED06CC8D1A40D249236238931C6DE275E4069F3228093D2ABAD89DB26CF99824BDE5ABF2FDB28E1FF986401EB8AB06DE75750E8CAEAC32ACA4156079104684501D94A52805294A014A52805294A014A52805294A014A52805294A014A52805294A015576FEEF0DCDCDDBECEB29BD9D604EF6F2E307F669C39E007C70C0E06093A6461AA45BF7BD12C063B5B2412DE4E0940DF04483E295FC00E9E9D791AD2D51E2D837B752371CD74EFDE3E7E2C4BDC8D7C33C7F5A0265D8B6C331591B990B3CD7478CBB925BBA1A460924F3D5BAFC5E55DD6245F6DA99D87147B350471E7977F264BB0F30131E447A5765B6FA4312C76B650CB7D2448A8440BFB352AA010653851CB5ACCECE3624D6D04AD70A127B8B8927917895B05CE83234271E1E75804B3F5F85407B296EF2E36B4DD1AF1907F2023FA8A9BDFDEA431B4B2B044419666380001E26A8FECA77F96D2D65436D737324970F339863CAAF12A8D4FF00293F3AC82FDAA31E7FF10DB57372C78A1B4C43083CB88684FD43B7CC785581B3BB43B5B9B7BA788B24B6D13C92452295750A84F2FB434C6874EB8C8AAE3B2E8F162643F1492B313E38D33F8543D758E14BC79F048D24375AB26F76C6CAB5B81C33C68D9E479303E4C3515171EDDB11FBEB491A6B3CE6485F50A33AE47D9E7F1AE35E79EBB8DA9A839EBCC79572DD6DA65F8ADA53C4557284EA5E23A1073CCAF23E208F3AACD3DD654B72794BBA2C2DAE163DAD61FA967EE86F4C1B42DC4F01F27438E38DBEEB0FC8F515BCAF3BCC5F61DF25DC009B594F0CB18E401392B8F9657D08AB9F7877D6CECE059E59815750D1AAEAF20234E15F0F33802AEEBB236454A254CE0E12716486A3FBC9BE965620FB44EAADF707BD21FE41AFD6AA1DAFBF9B4B69122DF1636BA8E3CE2465FF00373271D100C78F5AD2596C5B280F1499B993992FF0E7C78473FE626B32B231EE4AD3F4FBEFFC11E099DEF6D924C4A6CEB19243F7A4D48F02523C803D5AB5B71B6378E7C932476C0FD91DCAE3E6433FE35832EF3C98E18C08D7A2A8C01A780AD74BB5656E6D5C1EA7D0B9ABF8766F99C8DB8B0DB84FFEEA80FF00F7A5FE9156425FEF15AE196E23BB51A94F71F8BCBDE557F3D08A8DFB6BFDE359306D7917A9FD7D2B5FE659DA5FC391C7B322C7DCFED7EDEE1C417686D27CF0FBDFBB2DCB193AA1F26FAD5982BCE9B40437CBC338C3E30B201EFA9E9AF51E5F954DFB1DDE6978A4D9974DC52C0BC50BFF00C48B4D33D71918EB83E55221629F628759A0B74AFDBEDEA5A94A52BA1085294A014A52805294A014A5280AEB600EFB696D4B838251E3B48FF85550B4833E0588AC1DCFDDA9AE6CE3B6B95EEAD22790141F1DD7FB4BBA963A7045A83A6AE75C81CF3F7390A5DED6461A0BD0E0F43DE45C58F50319F5A9CC0DA0C7EB4FFB501C2C2C62810470C691201A2A00A07C87E7D73590CD8C93A01939F0FD7E15AADE4DBF15943DE4BC4C490B1C683324AE7922AF527F0D6A1F73B12F7681CDFCCD042DF0D9DBB60E0F49A5C6AC7915191F8E700D5DF40DB66E1A599986CD81CA4312920DD48BA3393F741C8CFC8753535D9766D1A048512DE31C92250A07D399F3F5AC9D91B1562448D57823894246BAE83D4EA49E79AD9DCDC470C6D23B0444059989C0000D49FD75AC82A9ED42CC2DE5A141896782EE39481AC91FB3E9C58D4E388FD3CAB03B361FFA6C3FE67FFF0061A946E6C4DB4EF66DA722916EAAD6F66ADCCA9C87908E99CE3E6474A8AF670A63867B66F8ADE77439F5FCB4355FD49668F993342F16FC8CEDA31D42E6DABDCDE42575EEE45129CE8A921E12A7CCF3F90A9AEF04E238DE43C9549FA0AAD2584FB3A93ABCCCAE4F8B3B023F0A87A38A6B2FE049D4BC3C2F896FED8D9A9710BC327C2E31E87A30F3075AA6F6558049A44B95324909E00AC72800E5A1E63C072D6AEE8970A01E8067E95576F715FF0012938083FB25EF31D1F5D3D718FAD63436496E8226D75427A8ADCD679C7EFE070B8BD76E64E3960721FF006AC7CD29520F5F18A4B085365DA5C5E4DDC59C7DE38F8DCFEEE31E2CDC875FE99AE89E39246486119966711A7A93CEAF9D91616BB16C42920606646FB734B8D4F9EB9C0E82A4555A6B748F3FD5FA95909AD3D1F89F7F5F8221B6BD914314665DA17AED8D4843DDC6BE59392DFF004FA5642F65363750ACB65733C3C632ADC5C6B9F0653839F2C8AC19A6BBDB73B2A7ECE04D403F0AF87111F139F0E9F9E0EC4DE6BBB159AD5132E1C9F781262207BC40EA0E33AE9D7AD6FE324FB7057FFC5DB28FFD9FD5E1B59EC9FABF523DBC1B0EE767CCB0DCE195F3DD4CB9E17C7318FB2C3234F3AEA5DB4D6D716B783568240AF8E6D11F8879E99F99A975EB35E6C2BC9276324904BDEA3B6A411C274FBBA3118155F6D06CDBBF9AE7F2358E14A328F99222ECBA8BB4D7BCCABE533D60AC08046A0EA0F88AFB5ADDDA7CDA5B1F1863FF0040AD954B3CB0A52940294A500A529402BE135F6BA2FF00F75263EE37FA4D0103DC839B79273A1BABBB898EBCC193857E415401530B57A886E27FED3627F8181F5E33FD6A4F6CFCAB3E40D76CFD9A67BA7BC9464A1686D41E51C6347930793BB6467EE85A91C5105E55F21E5E15D9FAD6B5323155D76E278ECE0801399EE5140CF303539F2EBF2A9D6D5DA715B46D2CF22C71AF3663F80F139D31E3546EF7EF0FB69BDB97E389ECE10B6B6EEACAFC32C8B1BDC907ED05934F0F74F4A1833B79FB5670C2CF64A2471C43BBEF4AE985D3F66A745418E64127A01D635B95B59D368377F27786E87BCE473941C83F4E21F3A8F6CE882C2B8E6FA9FE95CAE202541058303952BCD48E474D6A2DB2562707D997D574DD94AB1733EFFEBF22CDDF7B70F6D22670594F0F991A81E27518D2B53BB5BBD248F0CB3A18E38554A236389E4E118623EC8523407AD7CD99BFDFB15EF6DE5330183C2A0293E3C4D8C03E15ACDAFBCF753839616B1F508D9723AE64D31F2155D5D77462EBEDEFCFD02D34AE96E517F9617CDBE091EF76F6F75982D8879CF33F66207A93C8B782D41ED6DC203AF1331CB31E6C4F326B0A1BAC9EEEDA3323752397A93FD4D4B760EE035C61AF2EB8179F7510D4FF0031D07D0D4BAB4EA11DAB8FAB26D57D5A6CD897893F77E15F3FF3F42393ED08D3E271E8353F856236DE8F3850CDE82AE49361EC5D9D09965B78980EB28EF198FDD0ADA127C2AAADE6ED1A79C94B655B2B71A2A4202B63CDD40FA2E07AD488D1021DDD7F559C24A3F2CBFD7EC37776EB5B5F4374D6B2C8B106E14C1196642A0E71D38B3F2ADE6FBEFE2DF189BD92789D320E7552A79E0634208FEFD2A05B3F78AEA170F1CF2039C9CBB156F2209C30F5A9C3F688924638E321C8F7B0A3873D71E55D2514A38C7043D35F2B350EE959B65EB8F912FDD4ED5F66410AC3DDCF081CC950DC44F36254F33E9F9548F68EF7ECE9ED2E9EDA785E4689B231C32B60635570AC7E9547DC6D58253EF70FF30FEE2BADB6642FAA81EAA6B9BB52586B04D8F4A9D93F12AB63379CBE797F527B1CDDD6EF5E93FEF65545F327847F4A80ED67E1808F10147EBE55C6E21B958844B33490871208893C3C63AE3967535B2DD3B9496ED4CD843102C88C7579390C679E064D692694535CA47594E74CAF76C76CACE179AF7F3D8B3AD3B59586141FE1F77DD44814B90A345503383E9567ECCBD59E18E68CE52545914FF0B2861A74D0D525BE770E2C666624B3811A20CEA5980D0753824FCAAE3DD8B13059DB42DAB450471B7AAC601FC456FA5BDDD1726B1C9417D4AB96133674A52A49C45294A014A528057C233CEBED280AA376B680B09E7D9578444A64696CA563EE3A3B93C249F858671EA48E8099B4208D08FD7F6A8D76F16FC5B3325410B2C7C4DC396552D8241E9D2B37636C5B3804725B431F0322F048A339C819D7A13D6B28C128B76D3F5FAFFC56431D0EB8E7AF87EBF5E7A4B9DB70C4A4C92C7181CCBBA803EB50FDBDDAE594595899AE5C6988C1099E9EF90011E6B9AD5A36247B5364C3C5DECA4CD22EA1E6605631AEAA9A471E9F682E7C49AA7F7AF7806D1DAAC2D2233E6D9AD135C09090DC52B7F0AF19233F714D6A37AF7C2EB6867BD222846BDD267071CB88F373F867A5587D8CEEFAC167ED2E3F6B3E483D5621F081EB82DF31E15ACA6923AF812CACAC64D46CCEC71CC63DA2ECABE345886557CB271C5F41519DE6DDCB8D98EBDEB09A073C2920E879E083C8F3D327D6AE2DB9BCDECD8731F1C23F78CA7DF8C67E2E1C7BCA399C1CE9CABE6FB5925D6CE9C0C32988C88472CA8E2561F4AE0A5BBBF6264276512DD06D35FA947DFED258878B1E407E66B96EBEEE4DB524993BCEECC71778AAC0E0927DD5F207C75A6EB6C456513CBEF13F00E83A64F89A926C4DAA2C3680B8901EE264EEE56033C073A311E1A7E758838C65B57724EB7597EAA3BA5C47D17D5FA9A38677B33DD4F0490B0D31C070DE879364E35F5A91EC85DA5723FD9ADCC4BFF12E3DD5F5E1E67E59F9D5C36D72B22078D83A30CAB29C823C4115D958CACE7061EB6F941433C2F44BF7F915158F67773752349B4AE5BB98998281852E15B0CF8C6238CF0E41E646BA5667F8EEC0B23DDC712C85742C91990FCE473AFC8E2B65B6A2936BDEB5845214B4B6C1BB75E6CF9D22079743F3073CAA21BE7B42080110C6AB044E63B58F1EE92BA3CEFD5DC9E2C13D31E24995554ECEEF08A8B6E507C2CB25126CAD93B621716C235982E4155E0910F4E25D3897A6B91AE955E6ECEE1DE5CC12490BC60C72B46637C8E22A06483820EA71AE3973AD4437175B3EF629A68DE2954AC9C2CBC2591B20E9E0578857A3F616CE5863609CA49249BFFC9217C7A0040F95739FB1C1D6B6E4F2B87EE3CEFB4EC65B67E0BB81A22791600A37A30D0D718ECD39A1287C54FF004E5573F693BCD1C117B38896E67987BB0B0CA81CB8DC78780E64D51F77BAB7D147C6F6D32A73CF0123D74AD54772CAE09D0D7ECE2C8A9FBFB35F333D6E648FF783897EFAF4F515DD716C92A83F3560751F3A8FEC6BB6591573EEB1C63A548D60E1395D33CC74F51E06B8D91D8FDE5FE82FFE6EA795BA3D9A7CB5F07E6BF5F79BEDC79E4BCDA3676D792298E12D22E7433B28CA293D5873F300F335E8D15E52BF8C950C84AC8843A30E6181C83F857A3770B6FF00B758417071C6CB8931CBBC5D1F1E5919F9D48A1A71E160F3BD5746F4D763394FB7DBE448294A5762B05294A014A52805294A03A6F6D1258DA39543A382ACAC32181E86ABADB7D92DA88A536F25CC4423324692B777C5C3903075C67CFAD5974A03C6D0DB8755739627424926B636DB3FD00F2ADA6F06C9F64BDBBB6030A9271C78E5C0DA803D01C7CABA2DDAA1DB2926D1EB7A5E9A8B2119B5DD7EAB830B6C809090073C0FD7D2BD071C3DD5BC51018091AAE3D17FB8AF3DEF22FEC87930FC8D7A26F24E34571C99411F319FEB5AFF00E646EA6B1ACDBE492C7EA44F6DCAB8E0665F78118247BC318C73D743F8D7DECEA7326CA9223963099A119D495D4A8F906C0F202B59BE3B32196373228042921FED21009073D3F2D3E9B3EC56D8AECD0EDFEF657619EA01E1CFD54D2AC6D6C83A9CEF4BDCCAFF00751B36B1FCC7FD46B673F0F09E3E1E13A1E2C63F1D2B060B4F63B99ECDF4E172F167ED46DF0E3C797D735CF6E5CA24327191AA9007892318AE7645F89836AE6BC2CFA19FD94DE32ED2961818B5B188B32824C68DA608E835D323EF7955AFB72FBB8B79A6FF00871B3FD149A816C1DAD0EC6D936ED3A0EFE505BBB500492167665E2CEB8552A093CB978577EED6DE976C585FA3AA2310638D573A068F2B927E239F4E5525C79CF9221465E5E6C90EE1D81B5D8AD3E38A69A17BB73D599A32EBAFA1154D6F3CA60365285E2588AB60FC2C54AB60FAE2AF8ECEAFD2E36640A3E28A2582543CD5D1381948E9F0FD2A07BCFB9D2411C824884F6A9AAB875055072E30CCA55867872A4E7CB38AB0A5C76CA2DE32565CA5BA324B382BBDB3B625DB7B4E32C810C852254524F0A0249D7AF3639D2AF9DE4DB296368F336088D708B9C71B630ABE5938F419AAF7B1FDDF4695EFC45DD46018E004927C1DF527FCBF5AC0ED9F68C97170B6B082C2D97BC902FDF6C634EA40FF0051A8928EE9ED5C93A12D95EE7C6489ED7B1B96BF8CDF0264BA0B2950DA88DB21469AAE02F2F002AC0ECCAE26B6BBF63776786784CF0F113EE0123263D0843E5A0A87EEE6CDBCBBB9134C59E771C11779F17101C2188E91A28D74A99ED6BA8EDAE2F2E63D63B0B44B188FDE99B5C7A82DAE3A135DAC862B49AE48F54DBB1B4F82B7B98849B42E645188FBF95974D30646C01D2B695ACD97751AC60175E23AB64EB93CEB224DA510FB60FA1C9AAEB774A5D8F77D2FC0D3699666B2F97CA328D5BBD8244C366127E169E429FE5C81F9835576C0DD7BDDA5810446285BE29E5185E1EBC239BE9CB1F515E89DDFD931DA5BC56F17C1128519E67C58F99393F3A91456E2B2CA2EB9AEAB5138C6A79DB9E7E26C294A57728C5294A014A5280560ED7DB105AC664B8952241D5CE3E83993E42BA379F6EC7656D25CCBF0C63419D598FC2A3CC9D2BC9BBD3BCB3DFCED35C39627E15C9E08D7A2A8E83F3A183D183B5FD93C58F6938F1EE66C7FA33F854C766ED18A78C490C8B2A372642083F4EB5E2D8616638552C7C813F954A373B6FDEECB984D1C72F767F791B0711C83CF4C06F06C647D6B194670CB23B78D93DDDCDB5E8F85C7712F86464A1FA123E42ABB8F438ABEB7DACD36AEC77680E78E359A13D7897DEE1F22402BE59AF3FDACBC71AB75C61BD4547BE3E67A0E897F7AFD395FE4C9BE878E365F11A7AD5BFD9C6D55BCD9D16BEFC43BA71D4328D3EAB83FF8AA9616AEFD87B5E7D9F399E01C71BFEF61CE38C788F061E35C60D636B2C7AB6967628DF5ACE161FC3FD164EF1EEA4F7520841115B923BD93881765CEA88A0E99E44B63A73A99D9DAA451AC71A854450AA072000C0151BD87DA0D8DC803BE10C8703BB97DD6C9E809D1B5D34352AADF18583CF396E7B9B34DBC7BAD6B7C00B88F88AFC2C090EBE41874F2E55A9D93D9AD840E2411B4AEA720CAE5B1E1EEE8BA798A97D7195F0A4F8027E829B9A463626FB1E78ED7E666DA0C5B97080BE0002463F0AE8ECCF7C06CFB826404C128E1931CD71F0B81D71D478571ED3AFCC977C27EC2E7E6DEF1FC31510A915F305923DFEC5CF1E4CBC36EDFECE3711DC5B5F49693DC2E7BD80131C878B18963C121B27A81D735B29B71A7BA60368ED096E6353911A808A7CDB1F9E33AF319AA0ECE6E0911BEEB06FA1CD7AA0DC64871C9D5587CC56963704B0CDE98AB1BCA3A76D585C18923B2963B6E1D0931F10098D028E86A187B262D234CF7F2F7CE4B33AA019279F5E5E5563C32E7FF0035DB5CA364A3D8E92AA2FB95DDB6E45EDB166B5DA455DB9F79129E2F2CEA40F2E55107B1B8B392D62DA918F6049CCD2CB1867133B0F8A43925B5006A01C679E9572DCBE3F5FD3F5FDF08F0B6629143C720E165600A9CF91F956DE3BCFB5C8FE5538FB3C1B3B4DD5D993A2C896B6CE8E032B04521811A11E55B4B2DDEB487F756D0A1F111AE7EB8A81F66921B2BBBDD9EEFFB08809EDCB1F82363EF2924F2048FA13D74D67693DA224B2258D9DC111BE3DA6E6105F8233CD5383E2247320F80F1A92882D63825BBC7DA8ECFB4768CC8D348BF12C4A5B875FB4DF08F4CD44CEF95FED77C6CF3EC36ABA3CF22E5D9BC17191F21F33C8568B68DAA5E3DBECAD9904905A361EE2768995A42BA92E59413C3C20EA7562A3A6B6B9D9515B409042A1238D4051E9D4F8B13A93D4EB593043F7776CDFD8ED286CAF6E05DC174A4C3363DE0C072F219041073CC1F2AB5EA9CDA63BCDB1B2625D4C66591BC550938F97B86AE3A04294A50C8A5294051BFFC486D739B6B5074D6661E7F02FE1C5F5AAF37437584E44936447D14685FE7D17CFAD4FBB67D8A6E36BC39F83D9413E61246C8FF00A8547AE76E2DB2648D792A0EBE5E40545D4592FC10EECEF4C23F8A5D89FEC7B78E240B1A2C6A07D9007FE6B25B68C3C8CB1FA175FCB35426D8DBF35C9F7DCF0F4419083E5D4F99AE563BAF7730E28EDDCA9EB8007FD58A80FA77F7593C7EFD496B5BE508E4F40763975C02F2CB8832DBCDC517808A41C5C23C4039FA9AAB77C3637B16D3B88394729EFA2F00AC49C7C8E57E42B2FB2ADA7FE11793FB78302B5BF10CEA5887014285CF11396E5E15ADDF6DE69F6ACEB7011638E224409F6F872092CDD4E9E839799B37875F2FE673D0BB23A952AE2DE3BAF77998F1AE2BBABE2F98AFB5059F41AE384616D5B7E24247C6BEF03D74D6AF0DC2DE017B651CB9F7C0E094783AE87E4746F9D5366B9F673BD02C6F1B8C916B39E16273C2AC0E8FF2CE0F91F2AEF566516BD0F33D76A8D7646C5E7C3FB9E83AF8EB90478E9406B43BF7B6FD92C66954FBFC3C11FF009DB45FA673F2ACA59E0A66F1C947EFD6CE696F27302349DC2A89D9464290700E9E58FA1F0350DAB97B13DA3DD4D2DA4872675EF518F3EF57E35CF5CAEBFCA7C6ABEED176718368DCA9180CE645F30FEF67EA4D4B824A2B043BF7788F72C32362BD0BD9FED7F6AD9D0B03992DC77520EB81A03F35C1FAD79EAA41B95BD126CFB812A0E25238644CE8EB9FF50E60FF007AD6C86E8E05367872C9E89B79FC2B24DD7EBF5FAFA9AD3ECABE82F63EFAD240C3ED272653D411D0F2F2F035CE4775D1811EB505B71E196D18C6CE62CCC965CD62A37148B8F115D4389B4009F4AD76F36F343B3232D210F72C3F670E75D74E26FBA39EBF21588A737846D371AA2DB23DBD3B3E2B9DA17D712F1B5BD8DBA2CB1A315EFA539291161C864EB8D462A6A6E27B6B1B64B2B0863BC9D73DD28023817E26776D397128D4EA58F3A84F61BB567B9B89E27EECC396B8972A38A499D870B1279E0824786055E7562B845237979313640984118B92AD3051DE14F80B75C671A7CABA369F23D34D4F801CCFA0C56CB3500ED9368B41B3262A7065E1847F95FE3FAAE47CCD651834DD9447EDBB4AF769107BB5020832740300640E9EEA8FF9DAADEA86F645B3960D936A1704BA77AC478C878867D0103E5532A014A52805294A02B1ED921EE5ECEFB04A46E619B0394720F88F9023EA40EB5E7DDB7782599D87C39217FCB9D0FCF9D7B0F6D6CB8EEA0920987147229561D75EA3C08E60D797EFB70A6B6DA22CE5C1CF13C6FC965400904799C60AF43F5AE72518B737E86C9C9AD88C9DC7DDF4189A60189C1452345FE23E2797A559EFB4238E3E391D6341D58803F1EBE555EC9786D558C808E1D00F13D0547B67CB26D0BA1DFB131AFBCCA090AAA34C0C753A0CF3E755DFCB4F57665BE3F7D89CAF8E9E184B9253B46D7DB8497B3A958D6365B588FC4E064891BAE093903F4637B0DC18571D343520DA7B48C8C00D1174006318C63E951A6D96CA4B452700E641F847CFC2AF2EE9CD54A35F91C7A67565A7D43B6C594CDA5717600649000EA6B476F737323F7716266FE05E9E2490001E7CAA4F63BA44E1AF65E2C7FBA43A7F330C7E1E1CEABE1A2B24F07A4BBF8974F18E6116DFBF0BFCB35B636B2DEB777102B103FB49883C20780F127C2B73BD16500B61046A008F553D7383927CCEBEB8F2ADB5F6D258E3EEE25088A3455000035FD67EB51C9A42C75FD7EB3575A7D1C611C1E3B5BD42DD559BE6CB37B1FDA4F3ECD42EDC4D1BB459EB85C1507D030F962B57DB649FB2B38FA34F93E7C2BFFF0055ACEC376A2C66E2C9CE1F8FBD4FE2F742B63E4AA7D2A49DAEEC969AC84A832D6CE26FE403DFFA0D7E554D2589E0B0AA4B6A6FCB055AC5D192588F0CB130743E0C0FE47911D6AC6DA1B0EDF786D52E233DCDC27BAF85E231B7331BAE84A6A4A9F3F506BA8650EA186A0D73D97B627B09BDA6D98291A4887E09533C9878EBA1E9A5628B31ECB2EFAD68636257D5E9F9A358BB932ADC3DBCCCB0C8A7DD0C0E245FBC87930AE9DE8DD8368233C7C7C7904F0E3046B8E67A5581BCDBFB06D68E3B782C1DEEDBE172C0772FF7D194E481CF5C0D35ADC5DF6773CD6E12E6EDE770A30B8401580E8FC3C4D8C90326BA4E4E32CE78F4282A509C36EDE7D72519677D244DC5148F1B7DE462ADF5073530D9FDAA6D18D784C892F8191013F518CFCEBB5FB2BBB0D805787C4ABE7E8011F8D73DE1DDBB5D9F6E5663DE5CB8F7572432FF001100E117D724D1D90970B930A8B21CBE3E7F63A2FF00B54DA322F089122CF58D006FA9CE3E55A68365B4D892591999B539C963EAC4D7DD95B254A87906BD07979D6D9E6039572B2DC7102F7A774A4D78BAAE53ECB2FF005FB1D9B0AEBD82EADEE22F7781D564193EFC4C40607E5AFAE0F4AF4FF10F1FFBF87E15E51BA52E157EFBA81E392C07F5AF4CCF7A228F53F026B8F21A9FC2BA53971E4AFEB15D70D47F4D6161706D10E7F5FAF1AD26F6EECC1B42248AE0B7768E24215B1C44291827A0F7BA576C3B494A0656C860181F104687E62BAEE2E980E26F757A333003EAC4576C32A88B6D1ECF628D78B66CB35A5C20FD995958A3903E06524820FEB3523ECEB7ABFC46CD6665E09518C732FDD9140CE01E40820FCF1D2B0EFF00792DAD50CF34F1808090AB22B3B9E8A141E66B0FB17D992C7672CD32F035DCEF7013EEAB018FAE09F4C501605294A014A528054777E7645B5C5AB9BA6EE9621DE2CC0E1E161AF129FC31D79548AAB8ED1661717496921C5B4117B65D7DD701888A36F2CA9620F402B0DE1194B2F08A4F7C369DC4D0C1DF4784CB98E62BC2675180AC57A1C1C9FF0030AE3BA87861908F899B1F218D3F135B0DE3DAD24D27111FB4946234E96D01E431D1D8733E55D5696C2350ABD3F13E3527A6D3FDD8C2469AC9638CE59DD58D636BED8EFC6DC16D6FAB91A163AE993E3C275E98F4ACA43AEB583B2A63EC9796E3E3E2E31E2C08C1FF004FFD553F52DF0BC990EA5DD9BBD90D737598EC152D6D54E0C98D588FC49D7FB9E95B45ECE33AC97B396F11FF00739AEDDC7DAAA2CA258FEC821C0E6AFC449C8F3E60F81F2ADE3ED1279024F9035E3F55AFD4788E317848F4BA6D056E0A4F9C908DBFBB52D9A19639CCF1AEB22B8F782F2E2073AE2B5EF380BC79F7719F956EF7C76B6236814869A5F74A839EED09C92D8F84F973E66A09B4EEB2046B928980CC3A91579D37557780E56F3E8556BF4F52B946BF99C2DA7951C5CC6C56456E2523A7EB963C2AF5DC6ED0E0BD458E5658AE718643A2B9EA509D35FBA4E479D541616E1941E63A62BAAEF632B6AA706A1CAD8C9BDC5E2E8F72A959573C76F5F816DEDBECB6191DA4B695ED99B528003167C42F35FAFD2B556DD8F163FED178CE9E11A053F53903E86A056D7FB462C08EF260A3403BD7E11E8A4902BECB77B425CF7B79360F4EF5F1FF00282053725CEE382D1EADFB1E1CBE1E5F62DD4BBD95B1808C32C4CDCF019E56C7562A09033E381E15AFDA3DB0D920FD92CB31F25E11F56D7F0AA76EED178846B992463EFB9392BE26B7096EA8005503A671A9A97A7D278CB737C15DAAB25A69F86F19F7791B6DADDA7DFDDE52054B64EA57571EAEDFD00A8DDBD80562EE4C8E4E49393AF53E24E7A9AEBD8C4B3C811249199B458D1998EA7A01538D8BD9C6D3B9C131AD9A1FB529CC98F1E01A83E47151A71965C63D8B5D24F49556ADB5E67E9DF1F2EDF99169E5C0CB90A3CFFB572D91657178DC1656EF31CE0B91845F563851D399ABA3777B1EB2830D705AF24EA64D23CF9479E5EA4D5836B6C91A848D15140C05550140F000680523425DCD753D66DB38AD6D5EBDDFD97CBF3285DC1DDEB259FF00DBE578768C320658A621631C2720A1E520C8CF3E9A0EB52EDF1DE98638DADAD5C5DDECE0C51C716182710C1762341A1EA7AF86A2C0DAFB06DAE80171045363971A2923D09D47CABAF63EEDDA5AE4DBDBC5093CD9114311E1C5CF1E59AEFD8A76DC9E5F7203B1B69ED48A08ADE2D907BD8D163EF6596311E831C448E634CE01ADD58F67C93377FB51BDB2E18723910440FD88D3C3F88EA71D2A734A1823965B87B3A270E9670861C8F0E707C466A474A500A52940294AF8C71A9A03A3685F47046F2CAC12341C4CC79002A99DE4DA7DF477133218CDF988C68C7F68B670EA5DC72512118035F88F9D66EF26F0A5F48F3C87FF004CB46CAAFF00F57329C648FB480E80753516DB52C8F0DC4D2FEF64462DE0A387DD41FC2A341E793D6B8D96A5C225E9F4EE7ED3ECB922DB39B8CBCCDF148C4FA2E741FAF0ACD2D5AEB16C4698FBA3F2AC91257A0A311AD4514D6372936CEFE2AC4BAB6258491B70C8063C98781F2AEE0D4CD749253586689B5CA350F270371159617EAD19D0FE343B59CE9DF5D367A71633F435B8CD7DCD459692327978FC8ECAF69617D4D3C16B238C2AF7487E224E5DBD4F3ADB41688A9C000C75CF5F5AE61AB9035DEBA63139CA6D9AC7D98E87303E3F84F2A0DA8E9FBD89879AF2ADA66BE16FA547BBA7D3673D89FA4EADAAD3710971E9E461C7B6613F6B1EA0D74CF7ED21E0807ABF41583712898966F76253CC0F798FF7A946C0DD2B9B940C48B580FC3A7ED1878E3A7A9C5544E9D3D1EDD92E3EA5C4FADEB7510F0E0926FCD1AEB2B35881EAC7E23E35D77F75C0A58F4D07AF4A97C9D9FD9203C4F3BB7DEE351AF97BBFDEA367747BCDA36F6492B324D86CB638A35D78B3A609C29C1C751A548ABAB5567F4EB582A2DE9F6D7EDCCBABB10D8BECFB2E36230F3B34C7C707017E5C2A0E3CCD4FEBAEDE05455441C2AA02A81C80030057657330294A500A52940294A500A52940294A500A82F6B7B55D2DA3B5889596F64EE7239AC7CE56F929C7CEA7555876B0D8DA1B289EBED207A944C56B36D45B46D049C92643B6F95125B59A60471299997A617DD4CFCD89F5AE53C41D594F26041F98AC0DA2F9BE2DF7ADB03D564D47E22B22DAEB235AACE54517FA6DBB5A7E6412D832F144DA3444823C4679FEBCABB8495BEDE0D902522588859478F271E07CFF005E751E7700E240626F061A1F4357FA5D546C8E1BC33CF6AF492A66F8E0EDEFABEF7F58ED246064C80F92EA6B326D9D70B24317B2BA3CFAC424C82C3EF63A0F1CF9D4995CA3DD91156E5D91C04F5CC4D5D7BC1B32E2D5B86478CF0E0C9DCE4F75C58C062547BC41CE013F8D6305957C255FA37D6B15EA14F98F26674B8F7362B25730D5AA17E83460E87CC69F515D8BB4A3FBFF00837F6AECAE8FA9CDC1FA1B306B8CA32A478823F0C56347740F2C9F3C103F1AFAD3574F11346BB5A34EB288FBB591490920675E8EB9D7D74D3E75683EF8DB30D2E140F021811FCB8A805CBAE3DFC01E7FDAB71B9BB8936D360628FB9B6CFBF3B8D4E0EA10753D34D3C4D51EBB450B5ADD2EC59E93573AB3B577368778DA76EEECA196EE53E08C117274247323CCF08F3AB1BB34ECFA5B695AF6F9C3DDBA901460AC4A7039F22D80069A01A0A97EEA6EC5BECF84436E981CD98EAEEDF798F5F4E42B755C6AD3C2AFC28DEED45977E26294A576388A52940294A500A52940294A500A529402A23DA76ECBDEDA7EC7FF009881C4D079BAFD9CF4CFE78A975280F32DE4EF7389215E0BA849E385B4753C99784E0B21F2E5D6BE5BCEB293C1EEB8F8A26D1D4FA1E62AF5DE7DC3B2BE6E39A3E194729633C3272C0CB0F8B1E79A8ABF6276AEE1A4BABB931A0E275240F0E2E1CE2A3F81E48975EADC3BA2BC36EF8CB1083C58F4AC5811EEDFD9AC93DA256D19C8FD944A79B64E83AEBF4CD5C16FD90ECC520B472498FBF2B907D4671531D97B261B64EEEDE248507D9450067C4E399F33598D093CB36B35AE4B1158FD48D6E6767769631460C51CD3A6AD3320E22C79E3C1474AAEF6BEDC26FB695E900B40C6D2DD4F8A1C1FAB95F91357AD79FF00B48D9C6C6E670E0F71733ADD44F83C3DE71833464F4271915B5B1DD1C11A9694D367445640C4C927BE64C9958F3666D49FEDE18150CBCB57B57E06CB467E07FE87C0D4B5AE48F31CC1E8473158F39120E1650C0F42339F978D47A2E9D52DC8B7D4E9EBBA0A3D9AEC4745CE95F03E751800733D0571BBD8E7BE486D8B3CD236042BEF63D4E74F9F4F0AB7B75FB1CE1757BF996655D4408A4216FE36FB4078635F1AB98EB14A393CF4F4CE12DACA76293BC3C312C93378468C7FA548B63F67BB56E88E1B7F6743F6E5217F03EF1F92D7A620B7440022AA81A00A0003E42BB2B8CAF9C8D9569156EEAF62B6B09125DB9BB93EE9D21CF8F0FC4C7D4E35E55684518501540550300018007801D0572A5713A0A52940294A500A52940294A500A52940294A500A52940294A500A52940294A500AC4DABB322B989A19E359237186561A7CBA83E63515974A029CDABD925D44C7D82E6330F48AE38B283C03AA9247D2BAED3B29DA12693DDC10267516E8CCC47F9982F09FAD5CF4AD764739C1D3C6B12C6E78233B9DB8D69B381EE538A56F8A67D646F9FD91E431526A52B6398A52940294A500A52940294A500A52940294A500A52940294A500A52940294A500A52940294A500A52940294A500A52940294A500A52940294A500A52940294A500A52940294A500A52940294A501FFFD9, null, 'Mr', '33', '45', 'no');

-- ----------------------------
-- Table structure for `customer_login_tbl`
-- ----------------------------
DROP TABLE IF EXISTS `customer_login_tbl`;
CREATE TABLE `customer_login_tbl` (
  `id` bigint(20) NOT NULL auto_increment,
  `active` varchar(3) default NULL,
  `approve` varchar(255) default NULL,
  `createdDate` datetime default NULL,
  `loginCount` bigint(20) NOT NULL,
  `loginId` varchar(255) default NULL,
  `modifiedDate` datetime default NULL,
  `numberOfAttempt` int(11) NOT NULL,
  `oldPassword` varchar(20) default NULL,
  `password` varchar(20) default NULL,
  `role` varchar(20) default NULL,
  `status` varchar(8) default NULL,
  `userId` varchar(255) NOT NULL,
  `description` varchar(255) default NULL,
  PRIMARY KEY  (`id`)
) ENGINE=InnoDB DEFAULT CHARSET=latin1;

-- ----------------------------
-- Records of customer_login_tbl
-- ----------------------------
INSERT INTO `customer_login_tbl` VALUES ('1', 'yes', 'yes', '2014-10-29 11:02:48', '1', '51234594', '2014-10-29 11:02:54', '0', 'admin', 'admin', 'admin', 'approved', '51234594', 'manully');
INSERT INTO `customer_login_tbl` VALUES ('18', 'yes', 'yes', '2014-10-29 11:11:35', '0', '51234597', '2014-10-29 11:11:35', '0', 'root@123', 'root@123', 'customer', null, '51234597', 'new user');
INSERT INTO `customer_login_tbl` VALUES ('19', 'yes', 'yes', '2014-10-29 11:14:33', '0', '51234598', '2014-10-29 11:14:33', '0', 'root@123', 'root@123', 'customer', null, '51234598', 'new user');
INSERT INTO `customer_login_tbl` VALUES ('20', 'yes', 'no', '2014-10-29 13:58:53', '0', '51234599', '2014-10-29 13:58:53', '0', 'lxIvdG', 'lxIvdG', 'customer', null, '51234599', 'new user');
INSERT INTO `customer_login_tbl` VALUES ('21', 'yes', 'no', '2014-10-29 14:03:02', '0', '51234600', '2014-10-29 14:03:02', '0', 'LV6MDR', 'LV6MDR', 'customer', null, '51234600', 'new user');
INSERT INTO `customer_login_tbl` VALUES ('22', 'yes', 'no', '2014-10-30 10:26:50', '0', '51234601', '2014-10-30 10:26:50', '0', 'l6krJQ', 'l6krJQ', 'customer', null, '51234601', 'new user');
INSERT INTO `customer_login_tbl` VALUES ('23', 'yes', 'no', '2014-10-30 10:33:21', '0', '51234602', '2014-10-30 10:33:21', '0', '1nQLqE', '1nQLqE', 'customer', null, '51234602', 'new user');

-- ----------------------------
-- Table structure for `customer_registration_questions_tbl`
-- ----------------------------
DROP TABLE IF EXISTS `customer_registration_questions_tbl`;
CREATE TABLE `customer_registration_questions_tbl` (
  `serialNumber` int(11) NOT NULL auto_increment,
  `customerId` varchar(255) default NULL,
  `description` varchar(255) default NULL,
  `questionId` varchar(255) default NULL,
  `answer` varchar(255) default NULL,
  PRIMARY KEY  (`serialNumber`)
) ENGINE=InnoDB DEFAULT CHARSET=latin1;

-- ----------------------------
-- Records of customer_registration_questions_tbl
-- ----------------------------
INSERT INTO `customer_registration_questions_tbl` VALUES ('13', null, 'What is your fathers middle name?', 'Q007', 'KUMAR');
INSERT INTO `customer_registration_questions_tbl` VALUES ('14', null, 'What is the name of your favorite childhood hero?', 'Q006', 'Ganesha');
INSERT INTO `customer_registration_questions_tbl` VALUES ('15', null, 'What is the name of your first school?', 'Q008', 'DPS');
INSERT INTO `customer_registration_questions_tbl` VALUES ('16', null, 'What is your fathers middle name?', 'Q007', 'dsfds');
INSERT INTO `customer_registration_questions_tbl` VALUES ('17', null, 'What is the name of your favorite childhood hero?', 'Q006', 'Ganesha');
INSERT INTO `customer_registration_questions_tbl` VALUES ('18', null, 'What is the name of your first school?', 'Q008', 'DPS');
INSERT INTO `customer_registration_questions_tbl` VALUES ('19', null, 'What is your fathers middle name?', 'Q007', 'Singh');
INSERT INTO `customer_registration_questions_tbl` VALUES ('20', null, 'What is the registration number of your first vehicle?', 'Q010', 'AB8844');
INSERT INTO `customer_registration_questions_tbl` VALUES ('21', null, 'What is your birth place?', 'Q001', 'Varanasi');
INSERT INTO `customer_registration_questions_tbl` VALUES ('22', null, 'What is the name of your favorite childhood hero?', 'Q006', 'Arjun');
INSERT INTO `customer_registration_questions_tbl` VALUES ('23', null, 'What is your mothers maiden name?', 'Q002', 'DD');
INSERT INTO `customer_registration_questions_tbl` VALUES ('24', null, 'What is your fathers middle name?', 'Q007', 'MA');
INSERT INTO `customer_registration_questions_tbl` VALUES ('25', null, 'What is the registration number of your first vehicle?', 'Q010', 'AV9383');
INSERT INTO `customer_registration_questions_tbl` VALUES ('26', null, 'What is your mothers maiden name?', 'Q002', 'Singh');
INSERT INTO `customer_registration_questions_tbl` VALUES ('27', null, 'What is the name of your fist crush?', 'Q009', 'CVV');
INSERT INTO `customer_registration_questions_tbl` VALUES ('28', null, 'What is the registration number of your first vehicle?', 'Q010', 'AV9383');
INSERT INTO `customer_registration_questions_tbl` VALUES ('29', null, 'What is your mothers maiden name?', 'Q002', 'Singh');
INSERT INTO `customer_registration_questions_tbl` VALUES ('30', null, 'What is your pet name?', 'Q004', 'CVV');

-- ----------------------------
-- Table structure for `customer_transaction_tbl`
-- ----------------------------
DROP TABLE IF EXISTS `customer_transaction_tbl`;
CREATE TABLE `customer_transaction_tbl` (
  `transactionId` int(11) NOT NULL auto_increment,
  `customerAccountNumber` varchar(255) default NULL,
  `customerAccountType` varchar(255) default NULL,
  `payeeAccountNumber` varchar(255) default NULL,
  `transactionAmount` varchar(255) default NULL,
  `transactionDate` datetime default NULL,
  `transactionRemark` varchar(255) default NULL,
  `transactionPwd` int(11) NOT NULL,
  PRIMARY KEY  (`transactionId`)
) ENGINE=InnoDB DEFAULT CHARSET=latin1;

-- ----------------------------
-- Records of customer_transaction_tbl
-- ----------------------------
INSERT INTO `customer_transaction_tbl` VALUES ('1', null, 'Saving', '1000000003', '23', '2015-01-29 00:00:00', '3333', '0');
INSERT INTO `customer_transaction_tbl` VALUES ('2', null, 'Saving', '1000000003', '12', '2015-02-02 00:00:00', 'happyBD', '0');

-- ----------------------------
-- Table structure for `customer_transactions_tbl`
-- ----------------------------
DROP TABLE IF EXISTS `customer_transactions_tbl`;
CREATE TABLE `customer_transactions_tbl` (
  `id` bigint(20) NOT NULL auto_increment,
  `accountID` varchar(255) default NULL,
  `ammount` int(11) NOT NULL,
  `creditDr` varchar(255) default NULL,
  `description` varchar(255) default NULL,
  `transactionDate` date default NULL,
  `transactionId` bigint(20) NOT NULL,
  `customerAccountNumber` varchar(255) default NULL,
  PRIMARY KEY  (`id`)
) ENGINE=InnoDB DEFAULT CHARSET=latin1;

-- ----------------------------
-- Records of customer_transactions_tbl
-- ----------------------------
INSERT INTO `customer_transactions_tbl` VALUES ('1', '1000000002', '200', 'DR', 'JDJDJ', '2014-10-10', '222222', null);
INSERT INTO `customer_transactions_tbl` VALUES ('2', '1000000002', '20', 'CR', 'JD', '2014-10-03', '222222', null);
INSERT INTO `customer_transactions_tbl` VALUES ('3', '1000000002', '23', 'CR', 'Loan', '2014-10-30', '12233', null);
INSERT INTO `customer_transactions_tbl` VALUES ('4', '1000000002', '333', 'DR', 'Dess', '2014-10-31', '3333', null);
INSERT INTO `customer_transactions_tbl` VALUES ('5', '1000000002', '1222', 'CR', 'DDD', '2014-10-13', '2222', null);
INSERT INTO `customer_transactions_tbl` VALUES ('6', '1000000003', '23', 'CR', '3333', '2015-01-29', '547476', null);
INSERT INTO `customer_transactions_tbl` VALUES ('7', '1000000003', '12', 'CR', 'happyBD', '2015-02-02', '547476', null);

-- ----------------------------
-- Table structure for `image_galary_tbl`
-- ----------------------------
DROP TABLE IF EXISTS `image_galary_tbl`;
CREATE TABLE `image_galary_tbl` (
  `imageid` int(11) NOT NULL default '0',
  `image` longblob,
  `path` varchar(100) default NULL,
  `file_path` varchar(100) default NULL,
  PRIMARY KEY  (`imageid`)
) ENGINE=InnoDB DEFAULT CHARSET=latin1;

-- ----------------------------
-- Records of image_galary_tbl
-- ----------------------------

-- ----------------------------
-- Table structure for `loan_application_info_tbl`
-- ----------------------------
DROP TABLE IF EXISTS `loan_application_info_tbl`;
CREATE TABLE `loan_application_info_tbl` (
  `id` int(11) NOT NULL auto_increment,
  `userid` varchar(20) default NULL,
  `firstName` varchar(40) default NULL,
  `middleName` varchar(40) default NULL,
  `lastName` varchar(40) default NULL,
  `ssn` varchar(40) default NULL,
  `dob` date default NULL,
  `maritalStatus` varchar(40) default NULL,
  `type` varchar(40) default NULL,
  `state` varchar(40) default NULL,
  `number` varchar(40) default NULL,
  `expiration` date default NULL,
  `address` varchar(100) default NULL,
  `city` varchar(40) default NULL,
  `resState` varchar(40) default NULL,
  `zipCode` int(40) default NULL,
  `county` varchar(40) default NULL,
  `ownOrRent` varchar(40) default NULL,
  `rent` double(40,0) default NULL,
  `occupation` varchar(40) default NULL,
  `employer` varchar(40) default NULL,
  `salary` double(40,0) default NULL,
  `amount` double(40,0) default NULL,
  `frequency` varchar(40) default NULL,
  `source` varchar(40) default NULL,
  `email` varchar(40) default NULL,
  `repeatEmail` varchar(40) default NULL,
  `homePhone` varchar(40) default NULL,
  `workPhone` varchar(40) default NULL,
  `cellPhone` varchar(40) default NULL,
  `contactTime` varchar(40) default NULL,
  PRIMARY KEY  (`id`)
) ENGINE=InnoDB DEFAULT CHARSET=utf8;

-- ----------------------------
-- Records of loan_application_info_tbl
-- ----------------------------

-- ----------------------------
-- Table structure for `loan_form_tbl`
-- ----------------------------
DROP TABLE IF EXISTS `loan_form_tbl`;
CREATE TABLE `loan_form_tbl` (
  `id` int(11) NOT NULL auto_increment,
  `zipCode` int(10) default NULL,
  `purpose` varchar(40) default NULL,
  `purchase` varchar(40) default NULL,
  `jointCredit` varchar(40) default NULL,
  `permission` varchar(40) default NULL,
  `relation` varchar(40) default NULL,
  `preApprovedNo` int(20) default NULL,
  `userid` varchar(20) default NULL,
  PRIMARY KEY  (`id`)
) ENGINE=InnoDB DEFAULT CHARSET=utf8;

-- ----------------------------
-- Records of loan_form_tbl
-- ----------------------------
INSERT INTO `loan_form_tbl` VALUES ('1', '19711', 'Purchase Franchise Dealer', 'no', 'no', 'no', 'No - Not Applicable', '123', null);
INSERT INTO `loan_form_tbl` VALUES ('3', '19711', 'Purchase Franchise Dealer', 'yes', 'no', 'no', 'No - Not Applicable', '1234', null);
INSERT INTO `loan_form_tbl` VALUES ('4', '19711', 'Purchase Franchise Dealer', 'yes', 'no', 'no', 'No - Not Applicable', '12', null);
INSERT INTO `loan_form_tbl` VALUES ('5', '19711', 'Purchase Franchise Dealer', 'yes', 'no', 'no', 'No - Not Applicable', '12', null);
INSERT INTO `loan_form_tbl` VALUES ('6', '19711', 'Purchase Franchise Dealer', 'yes', 'no', 'no', 'No - Not Applicable', '1', null);
INSERT INTO `loan_form_tbl` VALUES ('7', '19711', 'Purchase Franchise Dealer', 'yes', 'no', 'no', 'No - Not Applicable', '12345', null);
INSERT INTO `loan_form_tbl` VALUES ('8', '19711', 'Purchase Franchise Dealer', 'yes', 'no', 'no', 'No - Not Applicable', '1234', null);
INSERT INTO `loan_form_tbl` VALUES ('9', '19711', 'Purchase Franchise Dealer', 'no', 'no', 'no', 'No - Not Applicable', '1234', null);
INSERT INTO `loan_form_tbl` VALUES ('10', '19711', 'Purchase Franchise Dealer', 'no', 'no', 'no', 'No - Not Applicable', '321', null);
INSERT INTO `loan_form_tbl` VALUES ('11', '14214', 'Purchase Franchise Dealer', 'yes', 'no', 'no', 'No - Not Applicable', '4321', null);
INSERT INTO `loan_form_tbl` VALUES ('12', '14214', 'Purchase Franchise Dealer', 'no', 'no', 'no', 'No - Not Applicable', '4321', null);
INSERT INTO `loan_form_tbl` VALUES ('13', '14214', 'Purchase Franchise Dealer', 'no', 'no', 'no', 'No - Not Applicable', '567', null);
INSERT INTO `loan_form_tbl` VALUES ('14', '19711', 'Purchase Franchise Dealer', 'no', 'no', 'no', 'No - Not Applicable', '231', null);
INSERT INTO `loan_form_tbl` VALUES ('15', '19711', 'Purchase Franchise Dealer', 'no', 'no', 'no', 'No - Not Applicable', '321', null);
INSERT INTO `loan_form_tbl` VALUES ('16', '14214', 'Purchase Franchise Dealer', 'no', 'no', 'no', 'No - Not Applicable', '786', null);
INSERT INTO `loan_form_tbl` VALUES ('17', '10009', 'Purchase Franchise Dealer', 'no', 'no', 'no', 'No - Not Applicable', '12344321', null);
INSERT INTO `loan_form_tbl` VALUES ('18', '14214', 'Purchase Franchise Dealer', 'no', 'no', 'no', 'No - Not Applicable', '456', null);
INSERT INTO `loan_form_tbl` VALUES ('19', '14214', 'Purchase Franchise Dealer', 'no', 'no', 'no', 'No - Not Applicable', '567', null);
INSERT INTO `loan_form_tbl` VALUES ('20', '12345', 'Purchase Franchise Dealer', 'no', 'no', 'no', 'No - Not Applicable', '123', null);
INSERT INTO `loan_form_tbl` VALUES ('21', '3123', 'Purchase Franchise Dealer', 'no', 'no', 'no', 'Yes - Applicant', '13123123', null);

-- ----------------------------
-- Table structure for `loan_info_tbl`
-- ----------------------------
DROP TABLE IF EXISTS `loan_info_tbl`;
CREATE TABLE `loan_info_tbl` (
  `id` int(11) NOT NULL auto_increment,
  `checkAmount` int(20) default NULL,
  `repaymentTerm` int(20) default NULL,
  `trading` varchar(10) default NULL,
  `userid` varchar(20) default NULL,
  PRIMARY KEY  (`id`)
) ENGINE=InnoDB DEFAULT CHARSET=utf8;

-- ----------------------------
-- Records of loan_info_tbl
-- ----------------------------
INSERT INTO `loan_info_tbl` VALUES ('2', '10000', '4', 'yes', null);
INSERT INTO `loan_info_tbl` VALUES ('3', '8000', '2', 'no', null);
INSERT INTO `loan_info_tbl` VALUES ('4', '7900', '1', 'no', null);
INSERT INTO `loan_info_tbl` VALUES ('5', '65432', '6', 'no', null);
INSERT INTO `loan_info_tbl` VALUES ('6', '9000', '1', 'no', null);
INSERT INTO `loan_info_tbl` VALUES ('7', '5353453', '5', 'no', null);

-- ----------------------------
-- Table structure for `payee_information_tbl`
-- ----------------------------
DROP TABLE IF EXISTS `payee_information_tbl`;
CREATE TABLE `payee_information_tbl` (
  `sno` int(11) NOT NULL auto_increment,
  `userid` varchar(20) NOT NULL,
  `payeeAccountNo` varchar(30) default NULL,
  `payeeName` varchar(120) default NULL,
  `payeeNickName` varchar(40) default NULL,
  `mobile` varchar(30) default NULL,
  `doe` datetime default NULL,
  `email` varchar(100) default NULL,
  `status` varchar(20) default NULL,
  PRIMARY KEY  (`sno`)
) ENGINE=InnoDB DEFAULT CHARSET=latin1;

-- ----------------------------
-- Records of payee_information_tbl
-- ----------------------------
INSERT INTO `payee_information_tbl` VALUES ('1', '51234597', '1000000003', 'Deepika  PRADHAN', 'Deepu', '2222', '2015-02-02 14:04:47', 'amopradhan@gmail.com', 'approved');

-- ----------------------------
-- Table structure for `security_questions_tbl`
-- ----------------------------
DROP TABLE IF EXISTS `security_questions_tbl`;
CREATE TABLE `security_questions_tbl` (
  `id` varchar(255) NOT NULL,
  `description` varchar(255) default NULL,
  PRIMARY KEY  (`id`)
) ENGINE=InnoDB DEFAULT CHARSET=utf8;

-- ----------------------------
-- Records of security_questions_tbl
-- ----------------------------
INSERT INTO `security_questions_tbl` VALUES ('Q001', 'What is your birth place?');
INSERT INTO `security_questions_tbl` VALUES ('Q002', 'What is your mothers maiden name?');
INSERT INTO `security_questions_tbl` VALUES ('Q003', 'What is yours favorite authors name?');
INSERT INTO `security_questions_tbl` VALUES ('Q004', 'What is your pet name?');
INSERT INTO `security_questions_tbl` VALUES ('Q005', 'What is your favorite soccer team?');
INSERT INTO `security_questions_tbl` VALUES ('Q006', 'What is the name of your favorite childhood hero?');
INSERT INTO `security_questions_tbl` VALUES ('Q007', 'What is your fathers middle name?');
INSERT INTO `security_questions_tbl` VALUES ('Q008', 'What is the name of your first school?');
INSERT INTO `security_questions_tbl` VALUES ('Q009', 'What is the name of your fist crush?');
INSERT INTO `security_questions_tbl` VALUES ('Q010', 'What is the registration number of your first vehicle?');

-- ----------------------------
-- Table structure for `transaction_id_generator_tbl`
-- ----------------------------
DROP TABLE IF EXISTS `transaction_id_generator_tbl`;
CREATE TABLE `transaction_id_generator_tbl` (
  `id` bigint(20) NOT NULL auto_increment,
  `transactionId` bigint(20) NOT NULL,
  PRIMARY KEY  (`id`)
) ENGINE=InnoDB DEFAULT CHARSET=latin1;

-- ----------------------------
-- Records of transaction_id_generator_tbl
-- ----------------------------
INSERT INTO `transaction_id_generator_tbl` VALUES ('1', '547475');

-- ----------------------------
-- Table structure for `userid_gen_tbl`
-- ----------------------------
DROP TABLE IF EXISTS `userid_gen_tbl`;
CREATE TABLE `userid_gen_tbl` (
  `sno` int(11) NOT NULL,
  `userid` bigint(20) NOT NULL,
  PRIMARY KEY  (`sno`,`userid`)
) ENGINE=InnoDB DEFAULT CHARSET=utf8;

-- ----------------------------
-- Records of userid_gen_tbl
-- ----------------------------
INSERT INTO `userid_gen_tbl` VALUES ('1', '51234602');
